timestamp,p_total,voltaje_LNAvg,intensidad_Avg_total
2025-04-01 00:00:00,0.48,229.42,1.63
2025-04-01 01:00:00,0.38,224.64,1.88
2025-04-01 02:00:00,0.33,230.18,1.36
2025-04-01 03:00:00,0.43,228.23,1.93
2025-04-01 04:00:00,0.02,227.05,0.01
2025-04-01 05:00:00,0.23,233.18,1.24
2025-04-01 06:00:00,0.02,224.78,-0.06
2025-04-01 07:00:00,0.39,229.56,1.91
2025-04-01 08:00:00,0.07,227.58,0.48
2025-04-01 09:00:00,0.01,230.5,-0.45
2025-04-01 10:00:00,0.11,231.98,-0.0
2025-04-01 11:00:00,0.19,228.32,0.91
2025-04-01 12:00:00,0.21,233.41,0.96
2025-04-01 13:00:00,0.47,227.45,2.78
2025-04-01 14:00:00,0.38,234.34,2.38
2025-04-01 15:00:00,0.46,230.55,1.8
2025-04-01 16:00:00,1.44,233.65,6.47
2025-04-01 17:00:00,1.49,229.7,6.7
2025-04-01 18:00:00,0.13,225.29,0.63
2025-04-01 19:00:00,0.29,233.07,1.65
2025-04-01 20:00:00,0.22,227.09,1.55
2025-04-01 21:00:00,0.29,231.83,0.59
2025-04-01 22:00:00,0.25,227.74,1.08
2025-04-01 23:00:00,0.42,224.69,1.74
2025-04-02 00:00:00,0.04,226.0,0.68
2025-04-02 01:00:00,0.49,229.2,2.49
2025-04-02 02:00:00,0.32,226.63,1.15
2025-04-02 03:00:00,0.04,227.68,0.41
2025-04-02 04:00:00,0.03,225.1,0.39
2025-04-02 05:00:00,0.06,230.58,0.3
2025-04-02 06:00:00,0.27,233.03,1.97
2025-04-02 07:00:00,0.47,225.47,2.81
2025-04-02 08:00:00,0.07,227.74,0.57
2025-04-02 09:00:00,0.44,236.38,1.82
2025-04-02 10:00:00,0.08,229.8,0.93
2025-04-02 11:00:00,0.24,227.27,1.75
2025-04-02 12:00:00,0.09,235.9,0.26
2025-04-02 13:00:00,0.44,226.23,2.05
2025-04-02 14:00:00,1.15,228.03,5.04
2025-04-02 15:00:00,1.12,226.43,4.57
2025-04-02 16:00:00,0.38,228.25,1.42
2025-04-02 17:00:00,0.47,232.04,2.41
2025-04-02 18:00:00,0.48,228.3,1.98
2025-04-02 19:00:00,0.26,232.06,1.11
2025-04-02 20:00:00,0.09,226.7,-0.29
2025-04-02 21:00:00,0.4,233.06,1.96
2025-04-02 22:00:00,0.28,223.6,1.53
2025-04-02 23:00:00,0.46,230.58,1.2
2025-04-03 00:00:00,0.03,231.87,-0.89
2025-04-03 01:00:00,0.35,230.76,0.7
2025-04-03 02:00:00,0.07,235.12,0.53
2025-04-03 03:00:00,0.41,228.72,1.72
2025-04-03 04:00:00,0.23,234.15,0.34
2025-04-03 05:00:00,0.16,228.8,0.1
2025-04-03 06:00:00,0.1,228.0,-0.3
2025-04-03 07:00:00,0.11,228.82,1.03
2025-04-03 08:00:00,0.33,231.27,1.33
2025-04-03 09:00:00,0.29,230.12,1.31
2025-04-03 10:00:00,0.48,229.35,2.45
2025-04-03 11:00:00,0.47,226.95,2.19
2025-04-03 12:00:00,0.29,225.04,1.88
2025-04-03 13:00:00,0.46,232.01,0.96
2025-04-03 14:00:00,0.15,222.72,0.68
2025-04-03 15:00:00,0.13,225.94,1.21
2025-04-03 16:00:00,0.07,227.53,0.68
2025-04-03 17:00:00,0.11,223.47,0.56
2025-04-03 18:00:00,0.08,225.94,0.55
2025-04-03 19:00:00,0.04,224.53,0.67
2025-04-03 20:00:00,0.07,231.45,-0.19
2025-04-03 21:00:00,0.13,222.82,0.28
2025-04-03 22:00:00,0.26,226.47,0.91
2025-04-03 23:00:00,0.47,228.21,2.59
2025-04-04 00:00:00,0.44,232.65,2.28
2025-04-04 01:00:00,0.37,231.3,2.88
2025-04-04 02:00:00,0.29,229.99,0.43
2025-04-04 03:00:00,0.49,237.06,2.09
2025-04-04 04:00:00,0.42,231.53,0.48
2025-04-04 05:00:00,0.26,230.66,1.33
2025-04-04 06:00:00,0.19,229.6,1.3
2025-04-04 07:00:00,0.13,234.56,1.07
2025-04-04 08:00:00,0.14,227.4,-0.13
2025-04-04 09:00:00,0.07,231.02,-0.37
2025-04-04 10:00:00,0.03,231.11,-0.26
2025-04-04 11:00:00,0.37,231.91,2.63
2025-04-04 12:00:00,0.28,231.43,1.49
2025-04-04 13:00:00,0.35,231.45,2.09
2025-04-04 14:00:00,0.1,228.49,-0.61
2025-04-04 15:00:00,0.96,232.16,4.33
2025-04-04 16:00:00,0.5,229.12,1.87
2025-04-04 17:00:00,0.43,229.41,1.67
2025-04-04 18:00:00,0.46,232.17,2.06
2025-04-04 19:00:00,0.73,230.37,3.11
2025-04-04 20:00:00,0.05,227.22,0.52
2025-04-04 21:00:00,0.08,231.99,0.58
2025-04-04 22:00:00,0.08,228.47,1.27
2025-04-04 23:00:00,0.08,228.2,-0.89
2025-04-05 00:00:00,0.16,231.58,0.99
2025-04-05 01:00:00,0.46,228.38,2.07
2025-04-05 02:00:00,0.48,229.1,2.0
2025-04-05 03:00:00,0.22,233.39,1.57
2025-04-05 04:00:00,0.09,226.52,0.87
2025-04-05 05:00:00,0.32,236.2,0.16
2025-04-05 06:00:00,0.01,227.37,-0.19
2025-04-05 07:00:00,0.01,233.03,-0.94
2025-04-05 08:00:00,0.32,233.51,1.03
2025-04-05 09:00:00,0.34,228.98,0.97
2025-04-05 10:00:00,0.92,226.26,5.6
2025-04-05 11:00:00,0.09,229.61,0.72
2025-04-05 12:00:00,0.26,226.87,1.26
2025-04-05 13:00:00,0.29,227.34,0.73
2025-04-05 14:00:00,0.28,235.62,1.69
2025-04-05 15:00:00,1.01,230.83,4.25
2025-04-05 16:00:00,0.11,229.42,0.58
2025-04-05 17:00:00,0.14,229.38,0.35
2025-04-05 18:00:00,0.07,229.37,-0.03
2025-04-05 19:00:00,0.2,231.53,0.69
2025-04-05 20:00:00,0.3,230.31,1.62
2025-04-05 21:00:00,0.24,226.0,1.63
2025-04-05 22:00:00,0.2,228.88,0.89
2025-04-05 23:00:00,0.08,228.06,-0.01
2025-04-06 00:00:00,0.35,233.38,1.45
2025-04-06 01:00:00,0.33,227.03,1.61
2025-04-06 02:00:00,0.42,229.56,2.34
2025-04-06 03:00:00,0.45,230.13,1.49
2025-04-06 04:00:00,0.35,232.31,1.74
2025-04-06 05:00:00,0.06,231.99,1.09
2025-04-06 06:00:00,0.04,233.23,0.08
2025-04-06 07:00:00,0.18,226.8,0.59
2025-04-06 08:00:00,0.29,230.08,0.21
2025-04-06 09:00:00,0.37,235.19,1.95
2025-04-06 10:00:00,0.07,229.39,0.71
2025-04-06 11:00:00,0.43,229.2,2.1
2025-04-06 12:00:00,0.21,229.35,1.3
2025-04-06 13:00:00,0.41,225.8,2.31
2025-04-06 14:00:00,0.33,233.96,1.7
2025-04-06 15:00:00,1.49,226.94,6.12
2025-04-06 16:00:00,0.5,227.68,2.45
2025-04-06 17:00:00,0.28,229.98,1.33
2025-04-06 18:00:00,0.31,229.84,1.8
2025-04-06 19:00:00,0.36,235.63,2.43
2025-04-06 20:00:00,0.44,223.95,0.69
2025-04-06 21:00:00,0.48,230.0,2.17
2025-04-06 22:00:00,0.04,232.75,0.82
2025-04-06 23:00:00,0.08,230.97,0.54
2025-04-07 00:00:00,0.42,228.17,2.27
2025-04-07 01:00:00,0.2,231.08,0.35
2025-04-07 02:00:00,0.05,229.74,-0.25
2025-04-07 03:00:00,0.23,228.66,0.8
2025-04-07 04:00:00,0.29,228.91,0.48
2025-04-07 05:00:00,0.03,234.67,1.18
2025-04-07 06:00:00,0.31,227.98,1.45
2025-04-07 07:00:00,0.09,232.41,0.78
2025-04-07 08:00:00,0.43,230.69,1.49
2025-04-07 09:00:00,0.29,232.65,0.96
2025-04-07 10:00:00,0.45,232.56,1.95
2025-04-07 11:00:00,0.43,231.93,1.93
2025-04-07 12:00:00,0.2,229.95,1.54
2025-04-07 13:00:00,0.37,222.19,1.52
2025-04-07 14:00:00,0.47,230.74,1.5
2025-04-07 15:00:00,0.21,228.52,1.18
2025-04-07 16:00:00,0.44,229.14,2.44
2025-04-07 17:00:00,0.3,232.86,1.08
2025-04-07 18:00:00,0.28,228.1,1.83
2025-04-07 19:00:00,0.69,230.35,3.78
2025-04-07 20:00:00,0.13,231.57,-0.09
2025-04-07 21:00:00,0.1,229.34,-0.21
2025-04-07 22:00:00,0.41,229.94,1.25
2025-04-07 23:00:00,0.25,232.59,1.0
2025-04-08 00:00:00,0.5,230.01,1.66
2025-04-08 01:00:00,0.38,227.66,1.09
2025-04-08 02:00:00,0.03,227.63,-0.38
2025-04-08 03:00:00,0.23,230.2,1.72
2025-04-08 04:00:00,0.26,225.22,1.44
2025-04-08 05:00:00,0.4,232.39,1.3
2025-04-08 06:00:00,0.1,232.32,0.41
2025-04-08 07:00:00,0.39,229.18,1.71
2025-04-08 08:00:00,0.16,230.21,1.35
2025-04-08 09:00:00,0.22,228.46,1.46
2025-04-08 10:00:00,0.27,232.35,0.81
2025-04-08 11:00:00,0.31,229.17,2.26
2025-04-08 12:00:00,0.34,232.06,0.7
2025-04-08 13:00:00,1.0,227.96,4.33
2025-04-08 14:00:00,0.25,229.24,0.8
2025-04-08 15:00:00,0.38,233.56,0.98
2025-04-08 16:00:00,0.08,230.94,0.01
2025-04-08 17:00:00,0.12,231.25,0.39
2025-04-08 18:00:00,0.11,226.11,0.22
2025-04-08 19:00:00,0.32,231.85,1.13
2025-04-08 20:00:00,0.16,228.32,0.96
2025-04-08 21:00:00,0.44,228.59,1.81
2025-04-08 22:00:00,0.21,229.35,0.65
2025-04-08 23:00:00,0.46,230.73,2.6
2025-04-09 00:00:00,0.08,227.87,0.36
2025-04-09 01:00:00,0.16,228.1,0.32
2025-04-09 02:00:00,0.19,224.47,1.23
2025-04-09 03:00:00,0.49,226.38,1.85
2025-04-09 04:00:00,0.36,227.47,1.3
2025-04-09 05:00:00,0.45,227.55,2.39
2025-04-09 06:00:00,0.1,229.87,0.55
2025-04-09 07:00:00,0.06,230.39,-0.01
2025-04-09 08:00:00,0.45,231.54,2.13
2025-04-09 09:00:00,0.29,235.76,0.44
2025-04-09 10:00:00,0.4,224.24,1.31
2025-04-09 11:00:00,0.52,224.57,2.21
2025-04-09 12:00:00,0.21,233.81,0.5
2025-04-09 13:00:00,1.49,228.91,5.96
2025-04-09 14:00:00,0.46,230.86,2.16
2025-04-09 15:00:00,0.47,229.99,1.61
2025-04-09 16:00:00,0.12,228.44,-0.61
2025-04-09 17:00:00,0.02,222.63,-0.11
2025-04-09 18:00:00,0.02,228.91,-0.58
2025-04-09 19:00:00,0.1,223.28,-0.12
2025-04-09 20:00:00,0.63,230.54,3.04
2025-04-09 21:00:00,0.27,235.88,0.71
2025-04-09 22:00:00,0.39,226.29,0.99
2025-04-09 23:00:00,0.29,232.57,1.93
2025-04-10 00:00:00,0.16,230.74,1.08
2025-04-10 01:00:00,0.12,225.89,0.91
2025-04-10 02:00:00,0.38,230.77,1.28
2025-04-10 03:00:00,0.13,236.25,-0.28
2025-04-10 04:00:00,0.39,232.46,1.24
2025-04-10 05:00:00,0.4,232.57,1.94
2025-04-10 06:00:00,0.21,231.66,1.11
2025-04-10 07:00:00,0.07,228.35,0.43
2025-04-10 08:00:00,0.13,232.84,0.88
2025-04-10 09:00:00,0.03,231.05,0.78
2025-04-10 10:00:00,0.39,227.52,1.71
2025-04-10 11:00:00,0.16,231.11,0.76
2025-04-10 12:00:00,0.27,228.42,1.31
2025-04-10 13:00:00,0.03,233.78,-0.36
2025-04-10 14:00:00,0.31,232.47,0.93
2025-04-10 15:00:00,0.38,229.62,1.36
2025-04-10 16:00:00,0.5,231.02,1.96
2025-04-10 17:00:00,0.06,231.57,0.07
2025-04-10 18:00:00,0.41,233.42,2.87
2025-04-10 19:00:00,1.12,228.29,4.41
2025-04-10 20:00:00,0.15,233.3,0.49
2025-04-10 21:00:00,0.04,227.26,0.17
2025-04-10 22:00:00,0.19,232.58,0.73
2025-04-10 23:00:00,0.05,229.89,0.31
2025-04-11 00:00:00,0.27,232.31,1.57
2025-04-11 01:00:00,0.33,230.5,1.24
2025-04-11 02:00:00,0.11,230.93,0.28
2025-04-11 03:00:00,0.4,226.39,1.58
2025-04-11 04:00:00,0.12,231.46,0.04
2025-04-11 05:00:00,0.31,227.62,2.5
2025-04-11 06:00:00,0.46,232.51,1.86
2025-04-11 07:00:00,0.48,230.96,1.69
2025-04-11 08:00:00,0.32,225.44,1.09
2025-04-11 09:00:00,0.24,231.97,1.19
2025-04-11 10:00:00,0.16,233.07,-0.36
2025-04-11 11:00:00,0.3,226.88,1.11
2025-04-11 12:00:00,0.43,227.17,2.08
2025-04-11 13:00:00,0.17,234.41,-0.29
2025-04-11 14:00:00,0.4,227.85,1.31
2025-04-11 15:00:00,0.43,230.27,1.94
2025-04-11 16:00:00,0.47,224.88,1.41
2025-04-11 17:00:00,0.31,233.01,0.89
2025-04-11 18:00:00,0.39,228.84,1.81
2025-04-11 19:00:00,0.03,229.05,0.11
2025-04-11 20:00:00,0.11,235.22,0.06
2025-04-11 21:00:00,0.48,228.85,3.35
2025-04-11 22:00:00,0.01,232.78,0.26
2025-04-11 23:00:00,0.06,228.77,0.11
2025-04-12 00:00:00,0.46,227.29,2.72
2025-04-12 01:00:00,0.33,229.79,1.01
2025-04-12 02:00:00,0.32,227.46,1.47
2025-04-12 03:00:00,0.36,233.26,1.82
2025-04-12 04:00:00,0.01,236.16,0.39
2025-04-12 05:00:00,0.35,227.69,2.3
2025-04-12 06:00:00,0.3,231.58,0.92
2025-04-12 07:00:00,0.02,229.94,-0.28
2025-04-12 08:00:00,0.38,231.19,1.79
2025-04-12 09:00:00,0.32,230.52,0.62
2025-04-12 10:00:00,0.04,229.31,0.29
2025-04-12 11:00:00,0.07,227.54,0.31
2025-04-12 12:00:00,1.27,233.29,5.55
2025-04-12 13:00:00,0.2,230.53,0.47
2025-04-12 14:00:00,0.22,231.62,0.79
2025-04-12 15:00:00,1.26,233.4,5.5
2025-04-12 16:00:00,0.33,228.88,1.19
2025-04-12 17:00:00,0.17,225.66,0.68
2025-04-12 18:00:00,0.02,228.89,0.05
2025-04-12 19:00:00,0.17,237.66,0.23
2025-04-12 20:00:00,0.25,231.49,1.24
2025-04-12 21:00:00,0.33,227.99,1.56
2025-04-12 22:00:00,0.48,230.5,2.89
2025-04-12 23:00:00,0.36,229.25,2.02
2025-04-13 00:00:00,0.36,231.02,1.77
2025-04-13 01:00:00,0.09,231.83,0.18
2025-04-13 02:00:00,0.44,228.36,1.45
2025-04-13 03:00:00,0.08,228.72,1.14
2025-04-13 04:00:00,0.19,228.27,-0.12
2025-04-13 05:00:00,0.4,227.63,1.53
2025-04-13 06:00:00,0.39,230.69,1.09
2025-04-13 07:00:00,0.28,226.84,1.27
2025-04-13 08:00:00,0.05,230.36,0.85
2025-04-13 09:00:00,0.04,224.52,0.92
2025-04-13 10:00:00,0.03,230.23,-0.07
2025-04-13 11:00:00,0.33,232.06,1.63
2025-04-13 12:00:00,0.31,227.97,1.68
2025-04-13 13:00:00,1.43,230.14,6.21
2025-04-13 14:00:00,0.29,228.8,2.24
2025-04-13 15:00:00,1.01,231.1,4.67
2025-04-13 16:00:00,0.12,229.38,0.1
2025-04-13 17:00:00,0.93,231.69,3.94
2025-04-13 18:00:00,0.22,224.38,1.99
2025-04-13 19:00:00,0.11,227.53,0.32
2025-04-13 20:00:00,0.09,228.68,0.58
2025-04-13 21:00:00,0.06,228.89,0.78
2025-04-13 22:00:00,0.06,230.91,0.52
2025-04-13 23:00:00,0.43,232.03,2.0
2025-04-14 00:00:00,0.29,233.49,1.03
2025-04-14 01:00:00,0.31,230.73,1.56
2025-04-14 02:00:00,0.48,234.19,0.88
2025-04-14 03:00:00,0.38,231.72,1.13
2025-04-14 04:00:00,0.06,227.14,0.5
2025-04-14 05:00:00,0.13,232.52,1.82
2025-04-14 06:00:00,0.49,234.93,1.83
2025-04-14 07:00:00,0.09,233.8,-0.19
2025-04-14 08:00:00,0.06,231.43,0.63
2025-04-14 09:00:00,0.14,230.31,0.4
2025-04-14 10:00:00,0.48,229.64,2.76
2025-04-14 11:00:00,0.15,230.94,0.28
2025-04-14 12:00:00,0.01,229.26,0.1
2025-04-14 13:00:00,0.17,230.84,0.1
2025-04-14 14:00:00,0.06,234.27,0.3
2025-04-14 15:00:00,0.29,232.69,0.66
2025-04-14 16:00:00,0.72,233.18,3.46
2025-04-14 17:00:00,0.45,228.01,1.8
2025-04-14 18:00:00,0.04,229.42,-0.51
2025-04-14 19:00:00,0.0,231.21,0.84
2025-04-14 20:00:00,0.16,229.16,0.11
2025-04-14 21:00:00,0.46,232.88,1.88
2025-04-14 22:00:00,0.04,225.71,0.56
2025-04-14 23:00:00,0.49,231.33,2.04
2025-04-15 00:00:00,0.23,229.58,1.35
2025-04-15 01:00:00,0.38,232.75,2.36
2025-04-15 02:00:00,0.01,225.72,-0.14
2025-04-15 03:00:00,0.22,226.37,0.55
2025-04-15 04:00:00,0.18,228.11,0.96
2025-04-15 05:00:00,0.21,230.72,0.13
2025-04-15 06:00:00,0.1,234.29,0.02
2025-04-15 07:00:00,0.34,228.29,1.14
2025-04-15 08:00:00,0.28,228.88,2.1
2025-04-15 09:00:00,0.44,234.57,2.42
2025-04-15 10:00:00,0.13,230.44,0.38
2025-04-15 11:00:00,0.43,231.94,2.82
2025-04-15 12:00:00,0.02,231.35,0.23
2025-04-15 13:00:00,0.01,230.16,-0.29
2025-04-15 14:00:00,0.3,235.96,1.42
2025-04-15 15:00:00,1.04,228.01,4.52
2025-04-15 16:00:00,0.36,231.1,2.17
2025-04-15 17:00:00,0.36,229.55,1.65
2025-04-15 18:00:00,0.18,227.22,1.19
2025-04-15 19:00:00,0.29,230.27,1.49
2025-04-15 20:00:00,0.11,231.55,0.67
2025-04-15 21:00:00,0.02,229.41,-0.05
2025-04-15 22:00:00,0.33,232.48,1.67
2025-04-15 23:00:00,0.4,231.91,1.67
2025-04-16 00:00:00,0.31,230.52,0.96
2025-04-16 01:00:00,0.06,229.37,0.43
2025-04-16 02:00:00,0.27,228.95,1.05
2025-04-16 03:00:00,0.19,229.8,-0.39
2025-04-16 04:00:00,0.24,231.59,1.4
2025-04-16 05:00:00,0.11,231.89,-0.14
2025-04-16 06:00:00,0.13,231.92,0.75
2025-04-16 07:00:00,0.47,233.35,2.58
2025-04-16 08:00:00,0.06,228.84,-0.2
2025-04-16 09:00:00,0.36,234.1,2.03
2025-04-16 10:00:00,0.12,227.09,1.18
2025-04-16 11:00:00,0.03,230.88,0.25
2025-04-16 12:00:00,0.49,229.37,2.21
2025-04-16 13:00:00,0.25,227.11,1.48
2025-04-16 14:00:00,0.42,234.92,1.27
2025-04-16 15:00:00,0.05,224.6,0.21
2025-04-16 16:00:00,0.24,224.39,0.68
2025-04-16 17:00:00,0.28,230.16,1.43
2025-04-16 18:00:00,0.36,230.12,0.83
2025-04-16 19:00:00,0.23,236.68,1.8
2025-04-16 20:00:00,0.09,233.03,1.13
2025-04-16 21:00:00,0.17,231.62,0.73
2025-04-16 22:00:00,0.07,232.44,1.06
2025-04-16 23:00:00,0.33,230.28,0.94
2025-04-17 00:00:00,0.4,232.23,1.34
2025-04-17 01:00:00,0.19,231.28,1.0
2025-04-17 02:00:00,0.26,231.02,0.15
2025-04-17 03:00:00,0.34,232.89,1.79
2025-04-17 04:00:00,0.03,228.31,0.86
2025-04-17 05:00:00,0.41,235.56,2.02
2025-04-17 06:00:00,0.1,231.51,-0.01
2025-04-17 07:00:00,0.32,230.59,0.66
2025-04-17 08:00:00,0.33,231.11,1.46
2025-04-17 09:00:00,0.03,231.1,0.04
2025-04-17 10:00:00,0.28,233.07,1.01
2025-04-17 11:00:00,0.12,227.31,1.45
2025-04-17 12:00:00,1.42,231.62,5.68
2025-04-17 13:00:00,0.39,228.54,1.54
2025-04-17 14:00:00,0.34,230.34,2.21
2025-04-17 15:00:00,0.58,231.79,2.81
2025-04-17 16:00:00,0.05,231.23,0.29
2025-04-17 17:00:00,0.11,231.3,0.78
2025-04-17 18:00:00,0.26,232.5,1.32
2025-04-17 19:00:00,0.31,225.66,0.56
2025-04-17 20:00:00,0.25,235.4,0.98
2025-04-17 21:00:00,0.47,230.94,1.83
2025-04-17 22:00:00,0.32,232.61,1.37
2025-04-17 23:00:00,0.25,232.5,0.63
2025-04-18 00:00:00,0.02,231.15,0.14
2025-04-18 01:00:00,0.12,229.0,0.87
2025-04-18 02:00:00,0.27,233.65,0.77
2025-04-18 03:00:00,0.17,227.92,0.39
2025-04-18 04:00:00,0.49,230.28,2.02
2025-04-18 05:00:00,0.43,231.92,1.55
2025-04-18 06:00:00,0.1,228.4,-0.04
2025-04-18 07:00:00,0.02,229.76,1.35
2025-04-18 08:00:00,0.33,228.05,1.48
2025-04-18 09:00:00,1.47,230.4,6.68
2025-04-18 10:00:00,0.49,225.08,2.35
2025-04-18 11:00:00,0.33,227.48,1.12
2025-04-18 12:00:00,0.42,230.93,1.36
2025-04-18 13:00:00,0.44,230.29,2.06
2025-04-18 14:00:00,0.41,228.51,1.7
2025-04-18 15:00:00,0.47,225.3,2.06
2025-04-18 16:00:00,0.32,231.14,2.07
2025-04-18 17:00:00,0.38,236.05,1.36
2025-04-18 18:00:00,0.22,231.55,1.29
2025-04-18 19:00:00,0.04,237.37,0.67
2025-04-18 20:00:00,0.3,226.15,0.97
2025-04-18 21:00:00,0.48,227.49,1.92
2025-04-18 22:00:00,0.23,230.99,0.75
2025-04-18 23:00:00,0.29,228.67,0.31
2025-04-19 00:00:00,0.18,234.2,0.62
2025-04-19 01:00:00,0.23,229.33,1.1
2025-04-19 02:00:00,0.01,225.95,1.7
2025-04-19 03:00:00,0.36,227.73,1.76
2025-04-19 04:00:00,0.1,236.23,-0.4
2025-04-19 05:00:00,0.11,228.32,1.61
2025-04-19 06:00:00,0.32,230.24,1.62
2025-04-19 07:00:00,0.45,232.02,0.77
2025-04-19 08:00:00,0.32,227.89,1.06
2025-04-19 09:00:00,0.26,230.13,1.69
2025-04-19 10:00:00,0.3,231.93,0.81
2025-04-19 11:00:00,0.38,227.06,1.89
2025-04-19 12:00:00,0.04,229.91,0.15
2025-04-19 13:00:00,0.41,225.13,1.99
2025-04-19 14:00:00,0.27,229.74,0.83
2025-04-19 15:00:00,0.38,227.4,2.41
2025-04-19 16:00:00,1.04,230.34,4.95
2025-04-19 17:00:00,0.35,229.84,1.57
2025-04-19 18:00:00,0.19,232.57,0.9
2025-04-19 19:00:00,0.17,227.99,1.35
2025-04-19 20:00:00,0.01,234.1,0.01
2025-04-19 21:00:00,0.35,231.36,2.1
2025-04-19 22:00:00,0.26,228.8,0.61
2025-04-19 23:00:00,0.17,232.17,1.2
2025-04-20 00:00:00,0.27,230.41,0.83
2025-04-20 01:00:00,0.13,230.22,0.83
2025-04-20 02:00:00,0.19,233.74,0.43
2025-04-20 03:00:00,0.22,230.62,1.49
2025-04-20 04:00:00,0.26,230.59,1.43
2025-04-20 05:00:00,0.03,226.43,0.12
2025-04-20 06:00:00,0.08,228.48,0.11
2025-04-20 07:00:00,0.41,224.97,2.79
2025-04-20 08:00:00,0.28,232.0,1.0
2025-04-20 09:00:00,0.47,226.44,2.33
2025-04-20 10:00:00,0.04,228.79,0.62
2025-04-20 11:00:00,0.15,231.2,0.38
2025-04-20 12:00:00,0.43,229.75,2.47
2025-04-20 13:00:00,0.22,230.63,0.48
2025-04-20 14:00:00,0.15,227.22,1.0
2025-04-20 15:00:00,0.09,235.46,-0.4
2025-04-20 16:00:00,0.04,229.09,0.62
2025-04-20 17:00:00,0.47,228.6,1.63
2025-04-20 18:00:00,0.24,232.81,1.1
2025-04-20 19:00:00,0.03,228.34,0.61
2025-04-20 20:00:00,0.4,229.91,1.55
2025-04-20 21:00:00,0.08,227.12,-0.28
2025-04-20 22:00:00,0.24,227.81,1.15
2025-04-20 23:00:00,0.36,229.02,1.43
2025-04-21 00:00:00,0.5,226.23,1.54
2025-04-21 01:00:00,0.44,232.92,2.15
2025-04-21 02:00:00,0.38,227.96,1.29
2025-04-21 03:00:00,0.43,228.49,2.0
2025-04-21 04:00:00,0.02,229.21,0.29
2025-04-21 05:00:00,0.11,228.16,1.02
2025-04-21 06:00:00,0.01,231.15,-0.8
2025-04-21 07:00:00,0.2,229.47,0.55
2025-04-21 08:00:00,0.32,229.9,1.56
2025-04-21 09:00:00,0.03,231.72,0.12
2025-04-21 10:00:00,0.32,235.7,2.24
2025-04-21 11:00:00,0.0,227.6,0.36
2025-04-21 12:00:00,0.17,227.27,0.77
2025-04-21 13:00:00,0.27,230.92,0.72
2025-04-21 14:00:00,0.16,232.45,1.17
2025-04-21 15:00:00,0.26,231.52,1.01
2025-04-21 16:00:00,0.07,229.82,0.97
2025-04-21 17:00:00,0.16,231.58,0.93
2025-04-21 18:00:00,0.45,226.8,1.09
2025-04-21 19:00:00,0.33,232.18,1.88
2025-04-21 20:00:00,0.22,231.95,2.05
2025-04-21 21:00:00,0.07,230.17,0.22
2025-04-21 22:00:00,0.04,229.64,0.58
2025-04-21 23:00:00,0.43,229.29,1.66
2025-04-22 00:00:00,0.23,226.63,1.52
2025-04-22 01:00:00,0.22,229.89,1.7
2025-04-22 02:00:00,0.26,236.03,1.98
2025-04-22 03:00:00,0.14,230.05,0.8
2025-04-22 04:00:00,0.12,225.28,-0.24
2025-04-22 05:00:00,0.46,229.4,2.4
2025-04-22 06:00:00,0.16,228.63,1.89
2025-04-22 07:00:00,0.04,229.62,-0.9
2025-04-22 08:00:00,0.38,228.74,1.45
2025-04-22 09:00:00,0.29,226.26,0.96
2025-04-22 10:00:00,0.07,234.24,0.05
2025-04-22 11:00:00,0.27,226.08,0.57
2025-04-22 12:00:00,1.13,229.02,4.0
2025-04-22 13:00:00,0.25,234.69,1.67
2025-04-22 14:00:00,0.46,230.56,1.0
2025-04-22 15:00:00,0.18,227.88,0.06
2025-04-22 16:00:00,0.42,224.58,1.56
2025-04-22 17:00:00,0.04,227.62,0.4
2025-04-22 18:00:00,0.21,231.38,0.2
2025-04-22 19:00:00,0.07,231.97,0.69
2025-04-22 20:00:00,0.01,228.76,0.43
2025-04-22 21:00:00,0.38,227.12,0.84
2025-04-22 22:00:00,0.05,229.95,1.04
2025-04-22 23:00:00,0.34,227.84,2.07
2025-04-23 00:00:00,0.38,229.88,1.49
2025-04-23 01:00:00,0.44,228.63,1.91
2025-04-23 02:00:00,0.27,232.88,1.86
2025-04-23 03:00:00,0.01,228.29,0.86
2025-04-23 04:00:00,0.02,232.56,-0.32
2025-04-23 05:00:00,0.25,232.44,1.17
2025-04-23 06:00:00,0.25,229.33,0.3
2025-04-23 07:00:00,0.28,227.68,1.16
2025-04-23 08:00:00,0.48,224.47,2.95
2025-04-23 09:00:00,0.32,227.88,1.06
2025-04-23 10:00:00,0.06,236.95,0.43
2025-04-23 11:00:00,0.46,228.59,0.93
2025-04-23 12:00:00,1.4,231.64,5.35
2025-04-23 13:00:00,0.15,226.93,0.74
2025-04-23 14:00:00,0.32,230.24,1.78
2025-04-23 15:00:00,0.34,236.33,2.18
2025-04-23 16:00:00,0.34,228.75,2.2
2025-04-23 17:00:00,0.25,229.77,1.44
2025-04-23 18:00:00,0.43,227.2,1.91
2025-04-23 19:00:00,0.41,228.81,2.46
2025-04-23 20:00:00,0.48,229.82,1.83
2025-04-23 21:00:00,0.38,228.7,1.81
2025-04-23 22:00:00,0.48,230.61,1.94
2025-04-23 23:00:00,0.07,234.68,0.42
2025-04-24 00:00:00,0.47,232.94,1.88
2025-04-24 01:00:00,0.49,227.6,1.82
2025-04-24 02:00:00,0.27,229.2,2.04
2025-04-24 03:00:00,0.39,232.61,2.41
2025-04-24 04:00:00,0.36,236.79,0.51
2025-04-24 05:00:00,0.07,229.84,-0.22
2025-04-24 06:00:00,0.49,235.22,2.07
2025-04-24 07:00:00,0.3,232.49,0.54
2025-04-24 08:00:00,0.15,230.75,-0.05
2025-04-24 09:00:00,0.06,231.87,-0.49
2025-04-24 10:00:00,0.34,225.6,1.64
2025-04-24 11:00:00,0.4,226.6,1.71
2025-04-24 12:00:00,0.41,231.88,0.78
2025-04-24 13:00:00,0.27,230.1,0.79
2025-04-24 14:00:00,0.17,232.41,0.45
2025-04-24 15:00:00,0.06,229.47,0.3
2025-04-24 16:00:00,0.28,233.7,1.07
2025-04-24 17:00:00,0.14,232.61,0.86
2025-04-24 18:00:00,0.48,227.55,2.35
2025-04-24 19:00:00,0.36,236.32,1.04
2025-04-24 20:00:00,0.22,228.74,0.58
2025-04-24 21:00:00,0.01,230.28,0.82
2025-04-24 22:00:00,0.23,230.15,0.57
2025-04-24 23:00:00,0.42,228.65,1.84
2025-04-25 00:00:00,0.01,231.76,-0.4
2025-04-25 01:00:00,0.39,232.31,2.0
2025-04-25 02:00:00,0.41,230.76,2.97
2025-04-25 03:00:00,0.09,236.05,0.78
2025-04-25 04:00:00,0.39,229.8,0.71
2025-04-25 05:00:00,0.4,231.24,1.81
2025-04-25 06:00:00,0.23,234.73,1.71
2025-04-25 07:00:00,0.23,231.58,1.68
2025-04-25 08:00:00,0.5,234.32,2.81
2025-04-25 09:00:00,0.18,227.85,1.63
2025-04-25 10:00:00,0.5,223.57,2.36
2025-04-25 11:00:00,0.41,233.89,1.52
2025-04-25 12:00:00,0.01,227.01,-0.25
2025-04-25 13:00:00,0.15,228.83,0.96
2025-04-25 14:00:00,0.35,232.33,1.52
2025-04-25 15:00:00,0.46,231.9,2.67
2025-04-25 16:00:00,1.48,231.67,6.71
2025-04-25 17:00:00,0.03,228.95,-0.33
2025-04-25 18:00:00,0.46,232.07,2.06
2025-04-25 19:00:00,0.09,229.68,1.15
2025-04-25 20:00:00,0.37,230.46,2.65
2025-04-25 21:00:00,0.24,228.62,1.44
2025-04-25 22:00:00,0.05,234.33,0.41
2025-04-25 23:00:00,0.36,224.01,1.09
2025-04-26 00:00:00,0.41,231.86,0.91
2025-04-26 01:00:00,0.23,227.19,0.86
2025-04-26 02:00:00,0.31,228.6,1.03
2025-04-26 03:00:00,0.49,229.66,1.92
2025-04-26 04:00:00,0.06,225.95,0.28
2025-04-26 05:00:00,0.03,225.11,-0.26
2025-04-26 06:00:00,0.25,231.16,1.27
2025-04-26 07:00:00,0.47,229.7,1.91
2025-04-26 08:00:00,0.06,228.18,0.45
2025-04-26 09:00:00,0.34,226.88,2.67
2025-04-26 10:00:00,0.46,231.2,1.64
2025-04-26 11:00:00,0.16,233.92,0.04
2025-04-26 12:00:00,0.13,233.96,1.04
2025-04-26 13:00:00,0.39,229.13,2.99
2025-04-26 14:00:00,0.33,233.93,1.54
2025-04-26 15:00:00,0.26,228.0,2.19
2025-04-26 16:00:00,0.21,229.43,1.96
2025-04-26 17:00:00,0.04,227.98,-0.69
2025-04-26 18:00:00,0.18,227.15,0.59
2025-04-26 19:00:00,0.08,224.88,0.06
2025-04-26 20:00:00,0.42,229.17,2.15
2025-04-26 21:00:00,0.28,232.53,0.83
2025-04-26 22:00:00,0.29,232.52,1.55
2025-04-26 23:00:00,0.17,221.08,0.57
2025-04-27 00:00:00,0.32,228.19,1.91
2025-04-27 01:00:00,0.17,229.2,-0.22
2025-04-27 02:00:00,0.11,231.98,1.59
2025-04-27 03:00:00,0.17,229.09,0.68
2025-04-27 04:00:00,0.37,226.91,0.93
2025-04-27 05:00:00,0.09,236.46,0.13
2025-04-27 06:00:00,0.29,232.33,1.49
2025-04-27 07:00:00,0.03,231.64,0.6
2025-04-27 08:00:00,0.09,233.6,0.74
2025-04-27 09:00:00,1.07,232.23,3.75
2025-04-27 10:00:00,0.39,229.55,2.3
2025-04-27 11:00:00,0.41,234.2,1.5
2025-04-27 12:00:00,1.22,231.58,5.23
2025-04-27 13:00:00,0.16,227.76,0.49
2025-04-27 14:00:00,0.43,230.7,1.58
2025-04-27 15:00:00,0.2,232.74,0.63
2025-04-27 16:00:00,0.2,230.04,0.01
2025-04-27 17:00:00,0.27,227.29,0.68
2025-04-27 18:00:00,0.21,226.76,1.45
2025-04-27 19:00:00,0.3,232.56,1.21
2025-04-27 20:00:00,0.23,225.76,0.81
2025-04-27 21:00:00,0.02,236.45,0.2
2025-04-27 22:00:00,0.4,227.82,1.29
2025-04-27 23:00:00,0.39,229.08,1.63
2025-04-28 00:00:00,0.35,230.27,2.08
2025-04-28 01:00:00,0.19,229.06,-0.08
2025-04-28 02:00:00,0.18,232.69,0.48
2025-04-28 03:00:00,0.34,231.14,0.52
2025-04-28 04:00:00,0.02,231.63,0.02
2025-04-28 05:00:00,0.4,232.94,2.05
2025-04-28 06:00:00,0.25,234.75,0.68
2025-04-28 07:00:00,0.15,228.76,0.44
2025-04-28 08:00:00,0.02,230.5,-0.45
2025-04-28 09:00:00,0.63,231.35,3.41
2025-04-28 10:00:00,0.08,230.71,-0.26
2025-04-28 11:00:00,0.08,226.31,0.04
2025-04-28 12:00:00,0.41,226.31,1.78
2025-04-28 13:00:00,0.12,234.04,1.43
2025-04-28 14:00:00,0.06,227.54,0.17
2025-04-28 15:00:00,0.39,229.54,2.11
2025-04-28 16:00:00,0.19,228.52,1.14
2025-04-28 17:00:00,0.15,235.65,0.45
2025-04-28 18:00:00,0.49,224.08,2.19
2025-04-28 19:00:00,0.14,230.44,0.47
2025-04-28 20:00:00,0.42,230.4,1.96
2025-04-28 21:00:00,0.3,230.99,1.67
2025-04-28 22:00:00,0.17,231.2,1.37
2025-04-28 23:00:00,0.04,227.7,0.65
2025-04-29 00:00:00,0.38,236.39,2.04
2025-04-29 01:00:00,0.09,231.76,1.0
2025-04-29 02:00:00,0.08,233.75,-0.01
2025-04-29 03:00:00,0.48,230.63,1.66
2025-04-29 04:00:00,0.27,227.75,1.52
2025-04-29 05:00:00,0.4,232.36,2.07
2025-04-29 06:00:00,0.1,226.43,0.61
2025-04-29 07:00:00,0.15,228.01,0.26
2025-04-29 08:00:00,0.48,230.99,1.83
2025-04-29 09:00:00,0.28,229.0,0.98
2025-04-29 10:00:00,0.32,229.45,3.49
2025-04-29 11:00:00,0.18,233.81,0.95
2025-04-29 12:00:00,0.23,231.06,0.73
2025-04-29 13:00:00,0.45,234.41,2.56
2025-04-29 14:00:00,0.24,229.3,1.13
2025-04-29 15:00:00,0.18,231.01,0.58
2025-04-29 16:00:00,0.45,228.29,1.69
2025-04-29 17:00:00,0.88,226.65,4.52
2025-04-29 18:00:00,0.46,228.4,2.04
2025-04-29 19:00:00,0.15,229.06,1.08
2025-04-29 20:00:00,1.25,230.24,5.6
2025-04-29 21:00:00,0.35,231.39,1.43
2025-04-29 22:00:00,0.3,232.05,1.76
2025-04-29 23:00:00,0.29,229.01,0.4
2025-04-30 00:00:00,0.02,231.95,0.12
2025-04-30 01:00:00,0.14,230.25,0.14
2025-04-30 02:00:00,0.11,227.39,0.29
2025-04-30 03:00:00,0.17,224.15,0.08
2025-04-30 04:00:00,0.13,228.02,0.46
2025-04-30 05:00:00,0.13,229.65,0.62
2025-04-30 06:00:00,0.08,228.35,0.25
2025-04-30 07:00:00,0.08,230.81,0.66
2025-04-30 08:00:00,0.25,231.21,0.94
2025-04-30 09:00:00,0.3,231.7,1.12
2025-04-30 10:00:00,0.42,227.61,1.52
2025-04-30 11:00:00,0.49,225.31,2.56
2025-04-30 12:00:00,0.17,225.17,1.66
2025-04-30 13:00:00,0.12,228.04,1.06
2025-04-30 14:00:00,0.01,227.38,-0.46
2025-04-30 15:00:00,0.97,237.49,3.06
2025-04-30 16:00:00,0.36,229.83,1.49
2025-04-30 17:00:00,0.01,227.73,0.74
2025-04-30 18:00:00,1.13,228.92,4.96
2025-04-30 19:00:00,0.02,233.18,-0.4
2025-04-30 20:00:00,0.21,228.11,1.47
2025-04-30 21:00:00,0.43,232.05,1.24
2025-04-30 22:00:00,0.24,227.52,2.03
2025-04-30 23:00:00,0.3,232.41,0.85
2025-05-01 00:00:00,0.42,230.01,2.2
2025-05-01 01:00:00,0.03,232.98,0.32
2025-05-01 02:00:00,0.43,233.67,2.15
2025-05-01 03:00:00,0.1,228.39,0.93
2025-05-01 04:00:00,0.06,228.59,-0.5
2025-05-01 05:00:00,0.24,226.87,1.59
2025-05-01 06:00:00,0.08,230.94,0.18
2025-05-01 07:00:00,0.19,228.3,1.82
2025-05-01 08:00:00,0.19,235.8,0.59
2025-05-01 09:00:00,0.04,230.94,0.63
2025-05-01 10:00:00,0.0,230.76,-0.17
2025-05-01 11:00:00,0.19,227.3,1.2
2025-05-01 12:00:00,0.1,232.97,0.34
2025-05-01 13:00:00,0.74,233.7,3.0
2025-05-01 14:00:00,0.02,228.38,-0.2
2025-05-01 15:00:00,0.13,232.65,0.3
2025-05-01 16:00:00,0.2,226.04,1.67
2025-05-01 17:00:00,0.06,224.3,0.16
2025-05-01 18:00:00,0.15,229.35,-0.18
2025-05-01 19:00:00,0.1,231.65,0.37
2025-05-01 20:00:00,0.15,229.96,0.52
2025-05-01 21:00:00,0.05,228.3,0.49
2025-05-01 22:00:00,0.05,231.07,0.59
2025-05-01 23:00:00,0.41,229.91,1.03
2025-05-02 00:00:00,0.14,228.97,0.05
2025-05-02 01:00:00,0.46,226.79,2.37
2025-05-02 02:00:00,0.05,233.22,0.28
2025-05-02 03:00:00,0.25,233.31,1.22
2025-05-02 04:00:00,0.43,227.22,1.86
2025-05-02 05:00:00,0.45,231.34,1.83
2025-05-02 06:00:00,0.13,231.06,1.6
2025-05-02 07:00:00,0.21,224.54,0.58
2025-05-02 08:00:00,0.47,227.2,3.13
2025-05-02 09:00:00,0.16,228.23,0.62
2025-05-02 10:00:00,0.38,229.44,2.01
2025-05-02 11:00:00,0.01,234.35,0.13
2025-05-02 12:00:00,0.14,226.68,0.15
2025-05-02 13:00:00,0.01,229.55,0.82
2025-05-02 14:00:00,0.37,226.06,1.83
2025-05-02 15:00:00,0.13,231.47,1.58
2025-05-02 16:00:00,1.47,226.63,5.99
2025-05-02 17:00:00,0.28,226.86,1.16
2025-05-02 18:00:00,0.44,228.07,1.47
2025-05-02 19:00:00,0.74,233.81,3.5
2025-05-02 20:00:00,1.49,228.14,7.77
2025-05-02 21:00:00,0.21,230.68,1.13
2025-05-02 22:00:00,0.04,231.61,0.26
2025-05-02 23:00:00,0.19,229.39,1.16
2025-05-03 00:00:00,0.36,233.43,1.93
2025-05-03 01:00:00,0.06,224.78,0.09
2025-05-03 02:00:00,0.36,229.25,2.15
2025-05-03 03:00:00,0.14,235.54,0.95
2025-05-03 04:00:00,0.14,228.67,-0.29
2025-05-03 05:00:00,0.47,228.67,1.41
2025-05-03 06:00:00,0.24,232.91,0.81
2025-05-03 07:00:00,0.28,234.16,0.55
2025-05-03 08:00:00,0.23,229.74,0.67
2025-05-03 09:00:00,1.26,230.39,5.28
2025-05-03 10:00:00,0.13,230.24,0.93
2025-05-03 11:00:00,0.28,234.25,0.88
2025-05-03 12:00:00,0.16,228.23,1.22
2025-05-03 13:00:00,0.26,228.27,0.89
2025-05-03 14:00:00,0.01,225.6,0.13
2025-05-03 15:00:00,0.2,228.45,1.48
2025-05-03 16:00:00,0.48,228.09,2.98
2025-05-03 17:00:00,0.11,228.03,0.17
2025-05-03 18:00:00,0.07,228.87,0.46
2025-05-03 19:00:00,0.09,226.57,0.1
2025-05-03 20:00:00,0.15,229.21,0.52
2025-05-03 21:00:00,0.0,225.7,0.02
2025-05-03 22:00:00,0.41,227.8,1.5
2025-05-03 23:00:00,0.26,231.68,0.15
2025-05-04 00:00:00,0.42,232.29,2.22
2025-05-04 01:00:00,0.13,230.16,0.18
2025-05-04 02:00:00,0.14,232.3,1.36
2025-05-04 03:00:00,0.49,234.76,1.69
2025-05-04 04:00:00,0.47,229.38,1.72
2025-05-04 05:00:00,0.26,231.36,0.56
2025-05-04 06:00:00,0.35,226.43,1.85
2025-05-04 07:00:00,0.32,223.66,1.67
2025-05-04 08:00:00,0.29,224.16,1.85
2025-05-04 09:00:00,0.12,232.21,0.47
2025-05-04 10:00:00,0.08,228.72,0.61
2025-05-04 11:00:00,0.28,228.55,1.51
2025-05-04 12:00:00,0.41,230.35,0.99
2025-05-04 13:00:00,0.28,224.8,1.43
2025-05-04 14:00:00,0.08,227.87,0.09
2025-05-04 15:00:00,0.3,228.49,1.13
2025-05-04 16:00:00,0.06,228.74,-0.45
2025-05-04 17:00:00,0.11,230.23,0.68
2025-05-04 18:00:00,0.44,222.76,1.73
2025-05-04 19:00:00,0.24,226.04,1.96
2025-05-04 20:00:00,0.07,231.0,0.82
2025-05-04 21:00:00,0.24,231.44,0.94
2025-05-04 22:00:00,0.27,227.99,0.06
2025-05-04 23:00:00,0.11,234.6,0.49
2025-05-05 00:00:00,0.08,228.75,0.27
2025-05-05 01:00:00,0.36,231.25,1.18
2025-05-05 02:00:00,0.49,230.75,2.51
2025-05-05 03:00:00,0.19,227.88,0.18
2025-05-05 04:00:00,0.41,231.31,1.33
2025-05-05 05:00:00,0.27,228.09,0.52
2025-05-05 06:00:00,0.13,231.23,0.72
2025-05-05 07:00:00,0.18,231.72,1.5
2025-05-05 08:00:00,0.08,227.72,0.57
2025-05-05 09:00:00,0.09,229.63,1.26
2025-05-05 10:00:00,0.08,225.53,-0.02
2025-05-05 11:00:00,0.11,227.07,0.62
2025-05-05 12:00:00,0.2,223.39,1.47
2025-05-05 13:00:00,0.21,230.96,1.11
2025-05-05 14:00:00,0.09,229.97,0.31
2025-05-05 15:00:00,0.12,225.94,1.2
2025-05-05 16:00:00,0.31,227.86,1.33
2025-05-05 17:00:00,0.03,229.72,0.08
2025-05-05 18:00:00,0.12,231.84,0.17
2025-05-05 19:00:00,0.09,230.59,-0.53
2025-05-05 20:00:00,0.09,230.51,0.6
2025-05-05 21:00:00,0.11,231.26,0.93
2025-05-05 22:00:00,0.19,230.63,-0.04
2025-05-05 23:00:00,0.26,230.79,0.81
2025-05-06 00:00:00,0.31,233.68,1.17
2025-05-06 01:00:00,0.03,225.76,0.08
2025-05-06 02:00:00,0.02,230.74,0.65
2025-05-06 03:00:00,0.24,225.66,1.73
2025-05-06 04:00:00,0.35,228.37,2.07
2025-05-06 05:00:00,0.4,232.61,1.78
2025-05-06 06:00:00,0.24,228.47,1.01
2025-05-06 07:00:00,0.42,229.34,1.51
2025-05-06 08:00:00,0.36,232.45,2.12
2025-05-06 09:00:00,0.21,230.54,1.11
2025-05-06 10:00:00,0.17,232.38,-0.19
2025-05-06 11:00:00,0.14,230.41,-0.64
2025-05-06 12:00:00,0.43,228.88,1.86
2025-05-06 13:00:00,0.44,225.77,2.64
2025-05-06 14:00:00,0.43,230.41,1.85
2025-05-06 15:00:00,0.01,228.12,-0.81
2025-05-06 16:00:00,0.43,226.07,1.48
2025-05-06 17:00:00,0.1,226.77,0.72
2025-05-06 18:00:00,0.41,232.15,1.4
2025-05-06 19:00:00,0.88,228.31,2.99
2025-05-06 20:00:00,0.38,232.18,1.54
2025-05-06 21:00:00,0.03,228.13,0.27
2025-05-06 22:00:00,0.05,230.58,0.45
2025-05-06 23:00:00,0.13,230.47,0.25
2025-05-07 00:00:00,0.1,230.67,0.91
2025-05-07 01:00:00,0.2,232.12,0.87
2025-05-07 02:00:00,0.27,237.98,1.1
2025-05-07 03:00:00,0.12,228.94,0.19
2025-05-07 04:00:00,0.08,228.38,1.38
2025-05-07 05:00:00,0.3,230.9,0.53
2025-05-07 06:00:00,0.35,230.44,0.88
2025-05-07 07:00:00,0.12,231.04,0.63
2025-05-07 08:00:00,0.37,235.08,2.05
2025-05-07 09:00:00,0.1,231.12,0.31
2025-05-07 10:00:00,0.07,228.77,0.89
2025-05-07 11:00:00,0.48,233.43,1.71
2025-05-07 12:00:00,0.25,227.69,-0.28
2025-05-07 13:00:00,0.1,227.34,0.17
2025-05-07 14:00:00,0.49,229.37,1.11
2025-05-07 15:00:00,0.02,232.72,0.26
2025-05-07 16:00:00,0.49,226.38,3.24
2025-05-07 17:00:00,0.2,224.54,1.02
2025-05-07 18:00:00,0.45,234.62,1.99
2025-05-07 19:00:00,0.5,231.34,2.2
2025-05-07 20:00:00,0.43,232.17,1.14
2025-05-07 21:00:00,0.0,232.22,0.24
2025-05-07 22:00:00,0.3,228.18,1.61
2025-05-07 23:00:00,0.37,228.2,1.8
2025-05-08 00:00:00,0.33,229.57,1.89
2025-05-08 01:00:00,0.07,226.11,0.24
2025-05-08 02:00:00,0.22,230.75,1.34
2025-05-08 03:00:00,0.47,227.67,2.91
2025-05-08 04:00:00,0.11,229.25,0.2
2025-05-08 05:00:00,0.17,226.95,0.15
2025-05-08 06:00:00,0.09,227.37,0.32
2025-05-08 07:00:00,0.18,227.03,0.59
2025-05-08 08:00:00,0.22,230.07,1.4
2025-05-08 09:00:00,0.01,231.02,-0.67
2025-05-08 10:00:00,0.34,227.94,1.23
2025-05-08 11:00:00,1.32,230.73,6.1
2025-05-08 12:00:00,0.2,224.92,0.53
2025-05-08 13:00:00,0.17,232.61,1.29
2025-05-08 14:00:00,0.39,229.01,1.91
2025-05-08 15:00:00,0.12,232.12,0.68
2025-05-08 16:00:00,0.32,230.83,1.21
2025-05-08 17:00:00,0.49,230.07,2.42
2025-05-08 18:00:00,0.36,227.14,1.59
2025-05-08 19:00:00,0.19,229.78,1.03
2025-05-08 20:00:00,0.23,231.63,1.7
2025-05-08 21:00:00,0.2,232.43,0.17
2025-05-08 22:00:00,0.08,233.36,0.43
2025-05-08 23:00:00,0.19,228.49,-0.09
2025-05-09 00:00:00,0.33,220.74,0.89
2025-05-09 01:00:00,0.25,223.05,0.89
2025-05-09 02:00:00,0.28,231.6,2.3
2025-05-09 03:00:00,0.32,232.07,1.16
2025-05-09 04:00:00,0.33,231.8,1.73
2025-05-09 05:00:00,0.47,227.21,2.21
2025-05-09 06:00:00,0.07,231.12,0.36
2025-05-09 07:00:00,0.38,234.61,1.25
2025-05-09 08:00:00,0.09,235.35,0.92
2025-05-09 09:00:00,0.97,227.75,4.65
2025-05-09 10:00:00,0.3,226.73,1.03
2025-05-09 11:00:00,0.05,229.02,0.35
2025-05-09 12:00:00,0.08,229.84,-0.11
2025-05-09 13:00:00,0.06,227.91,-0.11
2025-05-09 14:00:00,1.37,226.09,6.07
2025-05-09 15:00:00,0.44,227.98,2.11
2025-05-09 16:00:00,0.21,226.24,0.39
2025-05-09 17:00:00,0.35,227.07,1.19
2025-05-09 18:00:00,0.12,231.33,0.58
2025-05-09 19:00:00,0.41,229.04,2.08
2025-05-09 20:00:00,0.23,227.31,0.64
2025-05-09 21:00:00,0.37,231.6,1.57
2025-05-09 22:00:00,0.47,232.17,1.81
2025-05-09 23:00:00,0.45,227.78,2.16
2025-05-10 00:00:00,0.14,225.65,0.98
2025-05-10 01:00:00,0.35,230.62,0.88
2025-05-10 02:00:00,0.35,228.28,1.98
2025-05-10 03:00:00,0.15,230.32,0.81
2025-05-10 04:00:00,0.18,235.91,0.72
2025-05-10 05:00:00,0.24,230.67,1.58
2025-05-10 06:00:00,0.23,232.34,1.34
2025-05-10 07:00:00,0.27,227.0,1.86
2025-05-10 08:00:00,0.2,222.53,1.72
2025-05-10 09:00:00,0.32,235.58,1.79
2025-05-10 10:00:00,0.66,231.36,2.74
2025-05-10 11:00:00,0.34,230.46,1.39
2025-05-10 12:00:00,0.0,228.61,0.51
2025-05-10 13:00:00,0.36,227.03,1.16
2025-05-10 14:00:00,0.37,232.05,1.87
2025-05-10 15:00:00,0.42,226.08,2.0
2025-05-10 16:00:00,0.41,229.98,1.61
2025-05-10 17:00:00,0.27,229.03,1.55
2025-05-10 18:00:00,0.48,231.37,3.02
2025-05-10 19:00:00,0.49,233.23,2.47
2025-05-10 20:00:00,1.15,229.13,4.58
2025-05-10 21:00:00,0.06,237.25,1.01
2025-05-10 22:00:00,0.32,232.64,1.05
2025-05-10 23:00:00,0.28,234.87,1.29
2025-05-11 00:00:00,0.44,230.27,1.5
2025-05-11 01:00:00,0.24,225.88,0.61
2025-05-11 02:00:00,0.19,233.16,1.0
2025-05-11 03:00:00,0.0,230.92,-0.01
2025-05-11 04:00:00,0.44,233.68,1.44
2025-05-11 05:00:00,0.11,232.56,0.77
2025-05-11 06:00:00,0.39,229.66,1.86
2025-05-11 07:00:00,0.08,225.26,1.06
2025-05-11 08:00:00,0.37,228.56,2.33
2025-05-11 09:00:00,0.2,222.31,1.14
2025-05-11 10:00:00,1.44,228.79,6.36
2025-05-11 11:00:00,0.01,231.19,-0.5
2025-05-11 12:00:00,0.25,231.57,0.93
2025-05-11 13:00:00,0.5,231.38,2.96
2025-05-11 14:00:00,1.41,227.11,6.48
2025-05-11 15:00:00,0.07,227.66,0.21
2025-05-11 16:00:00,0.36,231.39,2.35
2025-05-11 17:00:00,0.21,231.08,0.57
2025-05-11 18:00:00,1.01,234.79,4.37
2025-05-11 19:00:00,0.26,232.66,0.97
2025-05-11 20:00:00,0.17,228.61,0.29
2025-05-11 21:00:00,0.41,226.16,1.57
2025-05-11 22:00:00,0.12,231.81,0.97
2025-05-11 23:00:00,0.18,230.85,0.1
2025-05-12 00:00:00,0.15,228.92,1.44
2025-05-12 01:00:00,0.5,224.52,1.65
2025-05-12 02:00:00,0.45,229.57,2.89
2025-05-12 03:00:00,0.2,226.88,0.55
2025-05-12 04:00:00,0.07,235.87,0.63
2025-05-12 05:00:00,0.3,232.98,0.76
2025-05-12 06:00:00,0.43,232.62,1.23
2025-05-12 07:00:00,0.31,230.57,1.13
2025-05-12 08:00:00,0.16,226.31,0.57
2025-05-12 09:00:00,0.37,232.21,1.48
2025-05-12 10:00:00,0.21,228.65,0.62
2025-05-12 11:00:00,0.47,223.32,2.71
2025-05-12 12:00:00,0.49,231.02,2.47
2025-05-12 13:00:00,0.28,231.4,0.58
2025-05-12 14:00:00,0.46,235.57,1.03
2025-05-12 15:00:00,1.08,231.04,3.39
2025-05-12 16:00:00,0.42,233.15,1.95
2025-05-12 17:00:00,0.09,232.88,-0.59
2025-05-12 18:00:00,1.01,232.7,4.37
2025-05-12 19:00:00,0.49,229.74,1.99
2025-05-12 20:00:00,0.31,227.43,2.03
2025-05-12 21:00:00,0.15,229.36,1.31
2025-05-12 22:00:00,0.46,232.03,1.79
2025-05-12 23:00:00,0.15,235.62,1.03
2025-05-13 00:00:00,0.32,230.85,2.16
2025-05-13 01:00:00,0.07,230.86,0.08
2025-05-13 02:00:00,0.28,230.15,0.6
2025-05-13 03:00:00,0.3,234.87,1.49
2025-05-13 04:00:00,0.35,235.31,2.24
2025-05-13 05:00:00,0.44,230.05,1.89
2025-05-13 06:00:00,0.25,235.1,0.52
2025-05-13 07:00:00,0.38,228.98,1.2
2025-05-13 08:00:00,0.05,234.64,0.71
2025-05-13 09:00:00,0.02,225.57,-0.27
2025-05-13 10:00:00,0.38,227.69,1.33
2025-05-13 11:00:00,0.34,227.65,1.38
2025-05-13 12:00:00,0.85,226.68,3.68
2025-05-13 13:00:00,0.31,232.63,1.55
2025-05-13 14:00:00,0.25,230.24,0.78
2025-05-13 15:00:00,0.45,227.93,2.08
2025-05-13 16:00:00,0.04,231.47,0.15
2025-05-13 17:00:00,0.11,228.03,-0.16
2025-05-13 18:00:00,0.39,228.66,2.28
2025-05-13 19:00:00,0.28,224.56,1.49
2025-05-13 20:00:00,0.12,232.0,1.21
2025-05-13 21:00:00,0.4,232.03,1.81
2025-05-13 22:00:00,0.23,229.44,0.22
2025-05-13 23:00:00,0.02,234.53,0.57
2025-05-14 00:00:00,0.29,229.58,1.61
2025-05-14 01:00:00,0.42,229.37,2.09
2025-05-14 02:00:00,0.01,229.24,-0.43
2025-05-14 03:00:00,0.39,230.35,1.72
2025-05-14 04:00:00,0.03,231.58,-0.1
2025-05-14 05:00:00,0.08,232.71,0.7
2025-05-14 06:00:00,0.21,231.03,1.56
2025-05-14 07:00:00,0.22,225.93,1.12
2025-05-14 08:00:00,0.15,226.4,0.59
2025-05-14 09:00:00,0.24,231.11,2.38
2025-05-14 10:00:00,0.02,226.31,-0.18
2025-05-14 11:00:00,0.86,224.57,4.17
2025-05-14 12:00:00,0.21,230.56,1.43
2025-05-14 13:00:00,0.25,230.58,1.19
2025-05-14 14:00:00,0.46,228.52,1.61
2025-05-14 15:00:00,0.06,226.66,0.24
2025-05-14 16:00:00,0.04,231.1,-0.11
2025-05-14 17:00:00,0.91,229.18,3.64
2025-05-14 18:00:00,0.24,230.88,1.72
2025-05-14 19:00:00,0.56,230.25,2.85
2025-05-14 20:00:00,0.27,226.48,0.63
2025-05-14 21:00:00,0.47,232.75,2.16
2025-05-14 22:00:00,0.49,228.49,2.27
2025-05-14 23:00:00,0.14,232.96,0.41
2025-05-15 00:00:00,0.01,224.7,-0.13
2025-05-15 01:00:00,0.49,228.88,1.29
2025-05-15 02:00:00,0.49,233.62,2.4
2025-05-15 03:00:00,0.17,228.75,0.91
2025-05-15 04:00:00,0.31,230.71,0.66
2025-05-15 05:00:00,0.16,229.88,1.52
2025-05-15 06:00:00,0.44,225.7,0.8
2025-05-15 07:00:00,0.07,229.16,1.48
2025-05-15 08:00:00,0.37,224.79,2.05
2025-05-15 09:00:00,0.24,226.68,0.72
2025-05-15 10:00:00,0.02,234.06,-1.11
2025-05-15 11:00:00,0.03,227.77,-0.01
2025-05-15 12:00:00,0.44,231.07,2.78
2025-05-15 13:00:00,1.12,232.45,5.33
2025-05-15 14:00:00,0.02,228.26,0.73
2025-05-15 15:00:00,0.48,228.58,2.25
2025-05-15 16:00:00,0.4,227.72,2.12
2025-05-15 17:00:00,0.25,229.03,1.17
2025-05-15 18:00:00,0.79,232.76,2.68
2025-05-15 19:00:00,0.41,224.74,1.14
2025-05-15 20:00:00,0.21,229.08,1.08
2025-05-15 21:00:00,0.07,232.98,0.11
2025-05-15 22:00:00,0.02,223.25,0.96
2025-05-15 23:00:00,0.31,234.58,1.08
2025-05-16 00:00:00,0.06,229.57,0.63
2025-05-16 01:00:00,0.08,226.95,0.46
2025-05-16 02:00:00,0.35,229.95,0.75
2025-05-16 03:00:00,0.4,227.91,1.44
2025-05-16 04:00:00,0.13,227.94,1.03
2025-05-16 05:00:00,0.05,230.45,0.33
2025-05-16 06:00:00,0.03,229.08,0.43
2025-05-16 07:00:00,0.18,229.36,1.05
2025-05-16 08:00:00,0.04,231.57,0.28
2025-05-16 09:00:00,0.18,220.3,0.48
2025-05-16 10:00:00,0.24,230.89,0.89
2025-05-16 11:00:00,0.36,226.16,2.2
2025-05-16 12:00:00,0.06,225.58,-0.17
2025-05-16 13:00:00,0.24,226.37,0.93
2025-05-16 14:00:00,0.81,228.18,4.37
2025-05-16 15:00:00,0.32,231.45,1.14
2025-05-16 16:00:00,0.37,224.56,1.48
2025-05-16 17:00:00,0.04,229.09,0.51
2025-05-16 18:00:00,0.26,225.22,1.07
2025-05-16 19:00:00,0.34,236.58,1.24
2025-05-16 20:00:00,0.34,225.85,1.19
2025-05-16 21:00:00,0.32,230.08,1.69
2025-05-16 22:00:00,0.37,233.55,1.65
2025-05-16 23:00:00,0.26,232.74,1.31
2025-05-17 00:00:00,0.0,227.45,-1.13
2025-05-17 01:00:00,0.17,221.91,0.92
2025-05-17 02:00:00,0.08,229.1,0.76
2025-05-17 03:00:00,0.06,231.28,-0.08
2025-05-17 04:00:00,0.1,228.36,0.51
2025-05-17 05:00:00,0.35,228.78,2.16
2025-05-17 06:00:00,0.3,227.0,0.64
2025-05-17 07:00:00,0.44,232.79,2.4
2025-05-17 08:00:00,0.02,228.13,-0.34
2025-05-17 09:00:00,0.4,222.04,1.86
2025-05-17 10:00:00,0.16,228.04,0.08
2025-05-17 11:00:00,0.25,228.78,0.92
2025-05-17 12:00:00,0.19,230.32,0.88
2025-05-17 13:00:00,0.23,228.66,0.74
2025-05-17 14:00:00,0.5,235.68,1.54
2025-05-17 15:00:00,0.3,231.19,0.07
2025-05-17 16:00:00,0.48,232.52,1.44
2025-05-17 17:00:00,0.44,229.12,1.24
2025-05-17 18:00:00,0.09,227.59,1.76
2025-05-17 19:00:00,0.72,230.82,3.11
2025-05-17 20:00:00,0.3,223.15,1.3
2025-05-17 21:00:00,0.16,225.52,0.86
2025-05-17 22:00:00,0.03,230.83,0.58
2025-05-17 23:00:00,0.25,234.32,1.28
2025-05-18 00:00:00,0.46,222.21,2.63
2025-05-18 01:00:00,0.25,227.31,0.94
2025-05-18 02:00:00,0.39,233.53,1.71
2025-05-18 03:00:00,0.25,232.3,1.18
2025-05-18 04:00:00,0.3,228.27,1.21
2025-05-18 05:00:00,0.1,225.4,0.69
2025-05-18 06:00:00,0.49,237.77,0.73
2025-05-18 07:00:00,0.25,232.93,1.03
2025-05-18 08:00:00,0.05,234.63,0.22
2025-05-18 09:00:00,0.03,231.54,-0.32
2025-05-18 10:00:00,0.61,226.45,2.69
2025-05-18 11:00:00,0.36,233.18,1.52
2025-05-18 12:00:00,0.28,235.06,0.05
2025-05-18 13:00:00,0.01,232.93,-0.23
2025-05-18 14:00:00,0.32,228.62,1.27
2025-05-18 15:00:00,0.21,223.51,0.85
2025-05-18 16:00:00,0.03,227.25,0.74
2025-05-18 17:00:00,0.01,231.04,-0.47
2025-05-18 18:00:00,0.3,236.11,0.45
2025-05-18 19:00:00,0.36,231.14,1.0
2025-05-18 20:00:00,0.22,235.57,0.32
2025-05-18 21:00:00,0.46,227.54,2.45
2025-05-18 22:00:00,0.2,232.75,1.05
2025-05-18 23:00:00,0.33,231.25,1.37
2025-05-19 00:00:00,0.22,226.39,0.62
2025-05-19 01:00:00,0.41,228.43,1.43
2025-05-19 02:00:00,0.37,229.14,1.63
2025-05-19 03:00:00,0.22,230.05,1.32
2025-05-19 04:00:00,0.01,235.56,0.18
2025-05-19 05:00:00,0.33,230.78,1.04
2025-05-19 06:00:00,0.07,227.67,1.05
2025-05-19 07:00:00,0.27,225.59,1.19
2025-05-19 08:00:00,0.04,229.47,0.22
2025-05-19 09:00:00,0.45,231.15,2.06
2025-05-19 10:00:00,0.13,236.76,0.3
2025-05-19 11:00:00,0.33,224.63,1.44
2025-05-19 12:00:00,0.19,230.96,0.19
2025-05-19 13:00:00,0.15,226.4,0.17
2025-05-19 14:00:00,0.13,230.42,-0.1
2025-05-19 15:00:00,0.22,230.07,1.53
2025-05-19 16:00:00,0.3,231.68,0.1
2025-05-19 17:00:00,0.11,228.58,0.47
2025-05-19 18:00:00,0.04,231.77,-0.45
2025-05-19 19:00:00,0.01,229.59,-0.01
2025-05-19 20:00:00,0.23,229.51,0.52
2025-05-19 21:00:00,0.13,229.25,-0.34
2025-05-19 22:00:00,0.27,230.22,0.86
2025-05-19 23:00:00,0.45,227.35,2.31
2025-05-20 00:00:00,0.39,225.45,1.92
2025-05-20 01:00:00,0.09,228.45,1.14
2025-05-20 02:00:00,0.06,227.59,0.68
2025-05-20 03:00:00,0.16,232.43,1.54
2025-05-20 04:00:00,0.39,232.51,1.76
2025-05-20 05:00:00,0.0,230.46,-0.39
2025-05-20 06:00:00,0.05,234.36,-0.25
2025-05-20 07:00:00,0.16,227.5,0.79
2025-05-20 08:00:00,0.09,229.14,0.45
2025-05-20 09:00:00,0.12,225.64,0.5
2025-05-20 10:00:00,0.1,225.91,0.74
2025-05-20 11:00:00,0.02,225.86,0.42
2025-05-20 12:00:00,0.49,231.78,1.67
2025-05-20 13:00:00,0.02,233.69,1.38
2025-05-20 14:00:00,0.34,231.01,2.03
2025-05-20 15:00:00,0.43,230.56,2.47
2025-05-20 16:00:00,0.11,226.71,0.22
2025-05-20 17:00:00,0.14,227.78,0.95
2025-05-20 18:00:00,1.17,232.61,4.9
2025-05-20 19:00:00,0.22,231.34,1.39
2025-05-20 20:00:00,0.3,232.12,1.1
2025-05-20 21:00:00,0.17,225.67,0.87
2025-05-20 22:00:00,0.32,226.97,2.13
2025-05-20 23:00:00,0.06,231.21,-0.16
2025-05-21 00:00:00,0.43,230.15,2.41
2025-05-21 01:00:00,0.02,232.03,0.48
2025-05-21 02:00:00,0.49,231.03,1.13
2025-05-21 03:00:00,0.25,227.76,0.8
2025-05-21 04:00:00,0.22,230.18,1.95
2025-05-21 05:00:00,0.28,232.85,1.26
2025-05-21 06:00:00,0.24,227.91,1.33
2025-05-21 07:00:00,0.24,227.95,1.49
2025-05-21 08:00:00,0.19,230.25,0.76
2025-05-21 09:00:00,0.46,234.5,2.19
2025-05-21 10:00:00,0.46,235.35,2.76
2025-05-21 11:00:00,0.26,227.41,1.09
2025-05-21 12:00:00,0.09,229.55,0.87
2025-05-21 13:00:00,0.24,232.26,1.57
2025-05-21 14:00:00,0.39,231.5,1.31
2025-05-21 15:00:00,0.48,224.82,2.46
2025-05-21 16:00:00,0.37,223.31,1.09
2025-05-21 17:00:00,0.34,228.15,1.92
2025-05-21 18:00:00,0.04,229.17,0.07
2025-05-21 19:00:00,0.23,230.37,0.9
2025-05-21 20:00:00,0.19,231.72,0.45
2025-05-21 21:00:00,0.39,229.66,1.24
2025-05-21 22:00:00,0.18,229.14,1.58
2025-05-21 23:00:00,0.48,232.21,2.18
2025-05-22 00:00:00,0.1,236.88,0.3
2025-05-22 01:00:00,0.21,229.27,0.95
2025-05-22 02:00:00,0.15,229.78,0.62
2025-05-22 03:00:00,0.31,231.78,2.09
2025-05-22 04:00:00,0.4,233.17,2.36
2025-05-22 05:00:00,0.21,230.27,0.08
2025-05-22 06:00:00,0.5,237.05,3.06
2025-05-22 07:00:00,0.29,228.69,2.02
2025-05-22 08:00:00,0.13,229.65,1.36
2025-05-22 09:00:00,0.28,228.9,1.17
2025-05-22 10:00:00,0.25,230.58,0.9
2025-05-22 11:00:00,0.47,223.84,1.8
2025-05-22 12:00:00,0.39,233.13,1.5
2025-05-22 13:00:00,1.05,232.47,4.35
2025-05-22 14:00:00,0.15,226.13,0.2
2025-05-22 15:00:00,0.3,232.0,1.46
2025-05-22 16:00:00,0.11,228.79,1.03
2025-05-22 17:00:00,0.01,236.89,-0.32
2025-05-22 18:00:00,0.28,229.83,1.62
2025-05-22 19:00:00,0.03,230.69,0.02
2025-05-22 20:00:00,0.05,224.67,0.35
2025-05-22 21:00:00,0.12,232.96,0.69
2025-05-22 22:00:00,0.0,235.63,0.82
2025-05-22 23:00:00,0.15,233.01,0.61
2025-05-23 00:00:00,0.44,231.42,2.0
2025-05-23 01:00:00,0.31,231.2,1.3
2025-05-23 02:00:00,0.1,235.38,0.74
2025-05-23 03:00:00,0.1,234.12,0.77
2025-05-23 04:00:00,0.25,231.38,1.17
2025-05-23 05:00:00,0.37,230.34,1.01
2025-05-23 06:00:00,0.45,228.22,2.93
2025-05-23 07:00:00,0.08,228.81,0.9
2025-05-23 08:00:00,0.2,232.83,1.2
2025-05-23 09:00:00,1.49,226.59,7.11
2025-05-23 10:00:00,0.29,232.77,0.89
2025-05-23 11:00:00,0.46,229.1,2.41
2025-05-23 12:00:00,0.23,230.34,1.44
2025-05-23 13:00:00,0.3,221.56,1.31
2025-05-23 14:00:00,0.05,233.63,0.5
2025-05-23 15:00:00,0.34,233.54,1.32
2025-05-23 16:00:00,1.26,227.85,5.57
2025-05-23 17:00:00,0.05,229.43,-0.06
2025-05-23 18:00:00,0.13,233.54,0.55
2025-05-23 19:00:00,0.48,224.95,2.13
2025-05-23 20:00:00,0.4,232.78,1.02
2025-05-23 21:00:00,0.13,233.29,0.1
2025-05-23 22:00:00,0.39,229.46,0.66
2025-05-23 23:00:00,0.35,234.43,1.56
2025-05-24 00:00:00,0.22,234.96,0.08
2025-05-24 01:00:00,0.19,230.16,1.68
2025-05-24 02:00:00,0.36,231.74,1.85
2025-05-24 03:00:00,0.11,230.32,-0.45
2025-05-24 04:00:00,0.28,228.49,0.77
2025-05-24 05:00:00,0.32,232.77,1.03
2025-05-24 06:00:00,0.07,230.01,0.66
2025-05-24 07:00:00,0.28,231.24,1.38
2025-05-24 08:00:00,0.13,230.55,0.44
2025-05-24 09:00:00,0.38,234.11,1.36
2025-05-24 10:00:00,0.27,230.09,2.02
2025-05-24 11:00:00,0.35,228.37,1.17
2025-05-24 12:00:00,0.44,224.98,2.27
2025-05-24 13:00:00,0.46,232.29,1.46
2025-05-24 14:00:00,0.62,231.04,2.76
2025-05-24 15:00:00,0.09,227.31,0.17
2025-05-24 16:00:00,0.05,233.8,0.19
2025-05-24 17:00:00,0.82,228.2,3.93
2025-05-24 18:00:00,0.21,231.32,1.4
2025-05-24 19:00:00,0.96,230.8,4.53
2025-05-24 20:00:00,0.25,230.15,0.83
2025-05-24 21:00:00,0.06,230.22,0.07
2025-05-24 22:00:00,0.29,231.25,2.02
2025-05-24 23:00:00,0.09,225.38,0.34
2025-05-25 00:00:00,0.39,230.55,1.81
2025-05-25 01:00:00,0.3,233.39,0.68
2025-05-25 02:00:00,0.49,226.85,1.53
2025-05-25 03:00:00,0.23,228.53,1.33
2025-05-25 04:00:00,0.26,230.88,1.17
2025-05-25 05:00:00,0.02,225.74,-0.18
2025-05-25 06:00:00,0.09,221.24,0.75
2025-05-25 07:00:00,0.3,233.53,1.07
2025-05-25 08:00:00,0.03,222.35,0.56
2025-05-25 09:00:00,0.0,229.99,0.05
2025-05-25 10:00:00,0.14,227.23,0.57
2025-05-25 11:00:00,1.31,230.08,5.25
2025-05-25 12:00:00,0.43,229.84,2.58
2025-05-25 13:00:00,0.33,233.21,1.95
2025-05-25 14:00:00,0.38,229.89,1.03
2025-05-25 15:00:00,0.43,233.77,1.5
2025-05-25 16:00:00,0.15,229.31,0.31
2025-05-25 17:00:00,0.29,229.71,0.89
2025-05-25 18:00:00,0.04,224.07,-0.72
2025-05-25 19:00:00,0.04,227.24,0.15
2025-05-25 20:00:00,0.17,229.9,0.11
2025-05-25 21:00:00,0.34,230.45,1.15
2025-05-25 22:00:00,0.32,230.06,0.43
2025-05-25 23:00:00,0.07,231.58,1.04
2025-05-26 00:00:00,0.06,230.6,1.38
2025-05-26 01:00:00,0.08,227.79,0.22
2025-05-26 02:00:00,0.18,227.36,1.11
2025-05-26 03:00:00,0.47,229.97,3.12
2025-05-26 04:00:00,0.19,230.6,0.29
2025-05-26 05:00:00,0.25,235.28,0.89
2025-05-26 06:00:00,0.3,230.21,1.78
2025-05-26 07:00:00,0.29,229.34,0.82
2025-05-26 08:00:00,0.12,227.0,0.92
2025-05-26 09:00:00,0.45,223.95,1.56
2025-05-26 10:00:00,0.05,231.8,0.21
2025-05-26 11:00:00,0.3,227.59,0.32
2025-05-26 12:00:00,0.05,230.77,0.57
2025-05-26 13:00:00,0.47,227.95,1.2
2025-05-26 14:00:00,0.25,227.42,-0.18
2025-05-26 15:00:00,0.15,231.07,-0.46
2025-05-26 16:00:00,0.22,227.39,0.74
2025-05-26 17:00:00,1.39,229.59,5.62
2025-05-26 18:00:00,0.41,227.95,1.83
2025-05-26 19:00:00,0.99,224.79,3.2
2025-05-26 20:00:00,0.42,228.96,1.12
2025-05-26 21:00:00,0.15,229.47,0.74
2025-05-26 22:00:00,0.48,226.6,2.33
2025-05-26 23:00:00,0.04,223.9,0.73
2025-05-27 00:00:00,0.1,229.52,-0.25
2025-05-27 01:00:00,0.28,230.91,1.09
2025-05-27 02:00:00,0.47,229.84,1.51
2025-05-27 03:00:00,0.46,229.93,2.62
2025-05-27 04:00:00,0.45,228.37,2.1
2025-05-27 05:00:00,0.27,221.86,1.85
2025-05-27 06:00:00,0.34,230.99,1.32
2025-05-27 07:00:00,0.35,229.81,1.3
2025-05-27 08:00:00,0.4,231.79,1.79
2025-05-27 09:00:00,0.17,227.18,0.45
2025-05-27 10:00:00,0.52,232.35,2.45
2025-05-27 11:00:00,0.24,229.4,1.32
2025-05-27 12:00:00,0.17,228.0,1.34
2025-05-27 13:00:00,0.33,226.48,1.43
2025-05-27 14:00:00,0.07,230.65,-0.63
2025-05-27 15:00:00,0.32,234.93,1.79
2025-05-27 16:00:00,0.37,230.83,1.16
2025-05-27 17:00:00,0.39,231.64,2.07
2025-05-27 18:00:00,0.11,228.7,0.48
2025-05-27 19:00:00,1.4,236.78,5.88
2025-05-27 20:00:00,0.64,231.99,2.61
2025-05-27 21:00:00,0.13,233.14,0.33
2025-05-27 22:00:00,0.18,229.91,1.27
2025-05-27 23:00:00,0.18,229.41,0.52
2025-05-28 00:00:00,0.18,227.62,0.09
2025-05-28 01:00:00,0.16,232.22,-0.06
2025-05-28 02:00:00,0.13,228.09,0.29
2025-05-28 03:00:00,0.11,228.31,-0.53
2025-05-28 04:00:00,0.09,232.67,0.61
2025-05-28 05:00:00,0.3,233.71,1.0
2025-05-28 06:00:00,0.04,233.16,0.51
2025-05-28 07:00:00,0.11,229.18,1.91
2025-05-28 08:00:00,0.24,234.58,0.62
2025-05-28 09:00:00,0.2,230.47,1.26
2025-05-28 10:00:00,0.15,228.27,0.55
2025-05-28 11:00:00,0.45,233.74,1.88
2025-05-28 12:00:00,0.44,231.76,1.53
2025-05-28 13:00:00,0.01,224.31,0.22
2025-05-28 14:00:00,0.14,227.96,0.45
2025-05-28 15:00:00,0.01,231.51,0.48
2025-05-28 16:00:00,0.23,232.18,1.45
2025-05-28 17:00:00,0.33,234.51,2.64
2025-05-28 18:00:00,0.15,230.09,1.02
2025-05-28 19:00:00,0.46,228.24,3.07
2025-05-28 20:00:00,1.36,229.97,5.76
2025-05-28 21:00:00,0.45,231.83,1.68
2025-05-28 22:00:00,0.21,229.09,0.37
2025-05-28 23:00:00,0.05,229.23,-0.54
2025-05-29 00:00:00,0.23,227.03,0.92
2025-05-29 01:00:00,0.09,229.4,0.46
2025-05-29 02:00:00,0.13,227.66,0.22
2025-05-29 03:00:00,0.14,228.66,0.94
2025-05-29 04:00:00,0.41,234.37,2.78
2025-05-29 05:00:00,0.18,227.39,0.86
2025-05-29 06:00:00,0.46,229.77,2.12
2025-05-29 07:00:00,0.12,226.81,-0.31
2025-05-29 08:00:00,0.18,228.02,1.51
2025-05-29 09:00:00,0.05,228.05,0.19
2025-05-29 10:00:00,1.24,231.66,5.07
2025-05-29 11:00:00,0.29,228.23,0.58
2025-05-29 12:00:00,0.0,231.81,0.24
2025-05-29 13:00:00,0.19,230.71,0.77
2025-05-29 14:00:00,0.3,226.86,1.47
2025-05-29 15:00:00,0.39,227.52,2.12
2025-05-29 16:00:00,0.03,226.47,0.48
2025-05-29 17:00:00,0.36,225.36,2.08
2025-05-29 18:00:00,0.42,235.74,1.72
2025-05-29 19:00:00,0.44,227.13,2.07
2025-05-29 20:00:00,0.42,231.75,2.24
2025-05-29 21:00:00,0.12,233.12,0.6
2025-05-29 22:00:00,0.38,226.03,1.38
2025-05-29 23:00:00,0.05,232.65,0.04
2025-05-30 00:00:00,0.49,227.73,2.48
2025-05-30 01:00:00,0.4,227.06,2.12
2025-05-30 02:00:00,0.48,226.59,2.8
2025-05-30 03:00:00,0.43,229.07,2.29
2025-05-30 04:00:00,0.42,234.29,1.75
2025-05-30 05:00:00,0.06,228.03,0.46
2025-05-30 06:00:00,0.1,234.15,1.14
2025-05-30 07:00:00,0.27,228.74,1.56
2025-05-30 08:00:00,0.35,227.15,0.9
2025-05-30 09:00:00,0.02,225.65,0.08
2025-05-30 10:00:00,0.32,230.05,1.87
2025-05-30 11:00:00,0.21,233.09,1.19
2025-05-30 12:00:00,0.49,224.66,3.16
2025-05-30 13:00:00,0.04,233.0,-0.85
2025-05-30 14:00:00,0.47,228.43,1.82
2025-05-30 15:00:00,0.21,232.24,0.15
2025-05-30 16:00:00,0.28,232.08,2.08
2025-05-30 17:00:00,1.06,230.7,4.51
2025-05-30 18:00:00,0.45,229.48,1.73
2025-05-30 19:00:00,0.96,228.67,3.02
2025-05-30 20:00:00,0.02,232.64,-0.41
2025-05-30 21:00:00,0.26,232.71,1.13
2025-05-30 22:00:00,0.38,224.45,1.63
2025-05-30 23:00:00,0.13,226.64,0.74
2025-05-31 00:00:00,0.08,227.26,-0.18
2025-05-31 01:00:00,0.14,230.49,-0.22
2025-05-31 02:00:00,0.05,233.69,0.08
2025-05-31 03:00:00,0.31,229.85,1.92
2025-05-31 04:00:00,0.38,227.6,1.39
2025-05-31 05:00:00,0.32,232.56,2.44
2025-05-31 06:00:00,0.26,229.78,1.55
2025-05-31 07:00:00,0.22,228.04,1.07
2025-05-31 08:00:00,0.15,236.3,0.19
2025-05-31 09:00:00,0.33,229.84,1.25
2025-05-31 10:00:00,0.4,233.48,1.81
2025-05-31 11:00:00,0.48,232.13,1.84
2025-05-31 12:00:00,0.06,218.68,-0.39
2025-05-31 13:00:00,0.39,237.26,1.07
2025-05-31 14:00:00,0.05,228.17,1.09
2025-05-31 15:00:00,0.04,230.39,0.23
2025-05-31 16:00:00,0.18,231.92,1.21
2025-05-31 17:00:00,0.04,225.19,-0.32
2025-05-31 18:00:00,0.43,230.66,0.65
2025-05-31 19:00:00,0.14,230.32,0.74
2025-05-31 20:00:00,0.08,229.76,-0.11
2025-05-31 21:00:00,0.37,231.59,2.38
2025-05-31 22:00:00,0.06,228.08,-0.4
2025-05-31 23:00:00,0.06,230.53,0.38
2025-06-01 00:00:00,0.44,225.86,1.33
2025-06-01 01:00:00,0.47,228.1,2.63
2025-06-01 02:00:00,0.3,227.4,2.17
2025-06-01 03:00:00,0.29,231.47,0.33
2025-06-01 04:00:00,0.25,233.06,0.33
2025-06-01 05:00:00,0.27,226.0,2.04
2025-06-01 06:00:00,0.4,228.68,1.43
2025-06-01 07:00:00,0.06,232.94,0.66
2025-06-01 08:00:00,0.37,234.64,1.53
2025-06-01 09:00:00,0.25,231.79,1.0
2025-06-01 10:00:00,0.69,229.91,3.86
2025-06-01 11:00:00,0.36,226.09,1.08
2025-06-01 12:00:00,0.48,235.63,1.73
2025-06-01 13:00:00,0.31,229.67,1.08
2025-06-01 14:00:00,0.23,229.28,1.57
2025-06-01 15:00:00,0.47,229.77,2.21
2025-06-01 16:00:00,0.04,229.03,1.39
2025-06-01 17:00:00,1.23,233.53,5.12
2025-06-01 18:00:00,0.47,229.66,1.57
2025-06-01 19:00:00,0.43,231.21,2.0
2025-06-01 20:00:00,0.25,236.62,0.65
2025-06-01 21:00:00,0.17,228.23,0.24
2025-06-01 22:00:00,0.37,228.02,2.06
2025-06-01 23:00:00,0.38,228.93,1.75
